id	url	http	bytes	sha256
lightning-pricing	https://lightning.ai/pricing	403	739	aba842df3d93c08761d5a5f74e48a98ce698132ee9943ca557da4b1c14b924eb
lightning-docs	https://lightning.ai/docs/overview/studio	403	739	aba842df3d93c08761d5a5f74e48a98ce698132ee9943ca557da4b1c14b924eb
lightning-llms	https://lightning.ai/llms.txt	403	739	aba842df3d93c08761d5a5f74e48a98ce698132ee9943ca557da4b1c14b924eb
azure-container-apps	https://azure.microsoft.com/en-us/pricing/details/container-apps/	200	547836	93add5ea32cdcf63575377e6d02ab1a5a8c76521d7e98be6cfe10b454f3cf57a
google-cloud-run	https://cloud.google.com/run/pricing	200	3121301	a6f2fc5ebffbd3cd3be349af072ddf2f4c27dea61356c599aeda2ce010707091
kedge-billing	https://kedge.dev/docs/billing	200	55222	1332992272bc8463581591740abbf9169518cef8e36de93c0fb94baeb138f8dc
shellbox	https://shellbox.dev/	200	112552	2bde5ba29807cc570742a69e09e508b070a116f99cd4d1c31016efcbff173189
browser-use	https://browser-use.com/pricing	200	159179	5bd881c92c996cf552fc2ce56656beb9c88b72ef3db04edc8ca5486eccc65487
gcore	https://gcore.com/cloud/virtual-machines	200	484472	1b2fae95950ae36cc14c60be4676ee84c3718e77b62d8874a561c8be2a4a2a3b
ionos	https://docs.ionos.com/cloud/support/general-information/price-list/ionos-cloud-eur-en	200	4314038	6f22429c9e4d27be739a4c7265398b5ce3070457ad9a0eb42851556b0c286cc5
ppio-sandbox	https://ppio.com/docs/sandbox/pricing.md	200	3306	5792268c65b3628700eb318fd6326e6403883d757ba9cf9b2b8c7b3c445c7d30
ucloud-agent-sandbox	https://astraflow.ucloud.cn/docs/agent-sandbox/product/fee.md	200	1758	fb43eda6bee3c266b01354221bb2decb7d08b50a1e371bff85a5404470ab7fb5
hyperbeam	https://hyperbeam.com/	200	57496	e3665a39d192a1fa7b15ce04d6eb112444b96d43faf8a27284308003a5001989
hyperbeam-docs	https://docs.hyperbeam.com/llms-full.txt	200	105531	14bc3ffdeb7b9d6c1f26600fb5271598922a88752e85b64e9a4d7ea2a4cf49d6
lizard-pricing	https://lizard.build/pricing	200	303006	43eca2e0df53a7632ff601c364e594db90d10537a518782faaecd9979bced0ee
lizard-docs	https://lizard.build/docs/sandboxes	200	114095	e3a4e99b8cd6563c4efe63745b3e5da0f9bfea98ad71119a30763848d60b8f57
lizard-changelog	https://lizard.build/changelog	200	237705	85d4ed5fb3a3ca698db46ca16468a11f17be7eb3949a81d91902cf3feee4b405
hetzner-cloud	https://docs.hetzner.com/general/infrastructure-and-availability/price-adjustment/	200	361298	6071fd15e179e6cf8e46547eb3e38e58445bad4c9daa4c50f71cae0c92d9e4cc
